user,caption,image link,hashtags,liked by,number of likes
cakey_katie,Just baked a classic Victoria sponge! What's your favorite cake?,https://images.unsplash.com/photo-1559630854-e3615c5f4e46?q=80&w=1935&auto=format&fit=crop&ixlib=rb-4.0.3&ixid=M3wxMjA3fDB8MHxwaG90by1wYWdlfHx8fGVufDB8fHx8fA%3D%3D,cake; yummy; cakefluencer; baking,art_amy,20
footy_is_my_lyfe,who saw the game last night guys?? Can't believe @ronny scored that goal!,https://images.unsplash.com/flagged/photo-1550413231-202a9d53a331?q=80&w=2070&auto=format&fit=crop&ixlib=rb-4.0.3&ixid=M3wxMjA3fDB8MHxwaG90by1wYWdlfHx8fGVufDB8fHx8fA%3D%3D,football; ronnyisthebest; footforlife,fit_fiona,51
mr_fluffles,had so much fun hanging out with my friend @bubbly_cat,https://images.unsplash.com/photo-1603104010974-de673b7c5674?q=80&w=1939&auto=format&fit=crop&ixlib=rb-4.0.3&ixid=M3wxMjA3fDB8MHxwaG90by1wYWdlfHx8fGVufDB8fHx8fA%3D%3D,cutecats; cats,cakey_katie; bubbly_cat,2220
ronny,Honoured to have scored the game-winning goal yesterday. I am so grateful to all of my supporters.,https://images.unsplash.com/photo-1570498839593-e565b39455fc?q=80&w=1035&auto=format&fit=crop&ixlib=rb-4.0.3&ixid=M3wxMjA3fDB8MHxwaG90by1wYWdlfHx8fGVufDB8fHx8fA%3D%3D,ilovemyfans,footy_is_my_lyfe,102271
footy_is_my_lyfe,Training sessions are tough but worth it! ,https://plus.unsplash.com/premium_photo-1685231505216-720690ca7cc9?q=80&w=987&auto=format&fit=crop&ixlib=rb-4.0.3&ixid=M3wxMjA3fDB8MHxwaG90by1wYWdlfHx8fGVufDB8fHx8fA%3D%3D,football; letsdothis,fit_fiona,57
mr_fluffles,It's nap time again. When will my owner understand? ,https://images.unsplash.com/photo-1620928157900-20e6954ec4f7?q=80&w=1974&auto=format&fit=crop&ixlib=rb-4.0.3&ixid=M3wxMjA3fDB8MHxwaG90by1wYWdlfHx8fGVufDB8fHx8fA%3D%3D,cats; napking,bubbly_cat; cakey_katie,2020
bubbly_cat,Exploring the garden! Found some new plants. ,https://images.unsplash.com/photo-1683561557911-237aa768254b?q=80&w=1170&auto=format&fit=crop&ixlib=rb-4.0.3&ixid=M3wxMjA3fDB8MHxwaG90by1wYWdlfHx8fGVufDB8fHx8fA%3D%3D,adventurecat; nature; cats,mr_fluffles; art_amy,664
ronny,Thanks for all the support during my recovery! Ready to come back stronger.,https://images.unsplash.com/photo-1638645655576-45d41efa8f9c?q=80&w=1005&auto=format&fit=crop&ixlib=rb-4.0.3&ixid=M3wxMjA3fDB8MHxwaG90by1wYWdlfHx8fGVufDB8fHx8fA%3D%3D,football,footy_is_my_lyfe; fit_fiona,115631
selena_swift,Just finished a new track. Can't wait for you all to hear it!,https://images.unsplash.com/photo-1620653617250-f72d4d3565b8?q=80&w=986&auto=format&fit=crop&ixlib=rb-4.0.3&ixid=M3wxMjA3fDB8MHxwaG90by1wYWdlfHx8fGVufDB8fHx8fA%3D%3D,music; newrelease,ben_reads; art_amy,238062
travel_with_tom,Just landed in Tokyo. Any local food suggestions? ,https://images.unsplash.com/photo-1551641506-ee5bf4cb45f1?q=80&w=1184&auto=format&fit=crop&ixlib=rb-4.0.3&ixid=M3wxMjA3fDB8MHxwaG90by1wYWdlfHx8fGVufDB8fHx8fA%3D%3D,travel; adventure; nature,cakey_katie; fit_fiona,2225
fit_fiona,Early morning run in the rain. Feeling invigorated! ,https://plus.unsplash.com/premium_photo-1738948074097-1d482459714c?q=80&w=1170&auto=format&fit=crop&ixlib=rb-4.0.3&ixid=M3wxMjA3fDB8MHxwaG90by1wYWdlfHx8fGVufDB8fHx8fA%3D%3D,fitness; running,footy_is_my_lyfe,989
ben_reads,Finished a great novel today. Any recommendations for my next read?,https://images.unsplash.com/photo-1506880018603-83d5b814b5a6?q=80&w=1074&auto=format&fit=crop&ixlib=rb-4.0.3&ixid=M3wxMjA3fDB8MHxwaG90by1wYWdlfHx8fGVufDB8fHx8fA%3D%3D,books; reading,art_amy,151
art_amy,Spent the day painting by the lake. I love these quiet moments.,https://images.unsplash.com/photo-1700799812521-3aad2880db26?q=80&w=1170&auto=format&fit=crop&ixlib=rb-4.0.3&ixid=M3wxMjA3fDB8MHxwaG90by1wYWdlfHx8fGVufDB8fHx8fA%3D%3D,art; peaceful; nature,travel_with_tom,256
cakey_katie,Trying out a new chocolate ganache recipe. Let's see how it goes!,https://images.unsplash.com/photo-1570267667868-c4fd6e18b125?q=80&w=1171&auto=format&fit=crop&ixlib=rb-4.0.3&ixid=M3wxMjA3fDB8MHxwaG90by1wYWdlfHx8fGVufDB8fHx8fA%3D%3D,chocolate; cake,art_amy,21
travel_with_tom,Climbing Mt. Fuji was incredible!,https://images.unsplash.com/photo-1740732281588-83032598fe25?q=80&w=1170&auto=format&fit=crop&ixlib=rb-4.0.3&ixid=M3wxMjA3fDB8MHxwaG90by1wYWdlfHx8fGVufDB8fHx8fA%3D%3D,travel; bucketlist; hiking,fit_fiona,2488
gizmo_genius,Just finished checking out the new HexPHONE3000; absolutely love it. Amazing to see how tech is expanding.,https://images.unsplash.com/photo-1644794472051-36d154dfe487?q=80&w=1170&auto=format&fit=crop&ixlib=rb-4.0.3&ixid=M3wxMjA3fDB8MHxwaG90by1wYWdlfHx8fGVufDB8fHx8fA%3D%3D,newphone; techreview,footy_is_my_lyfe,133
fit_fiona,New personal best in the gym today. Keep pushing! ,https://images.unsplash.com/photo-1590238589960-5607cb0eaa43?q=80&w=1004&auto=format&fit=crop&ixlib=rb-4.0.3&ixid=M3wxMjA3fDB8MHxwaG90by1wYWdlfHx8fGVufDB8fHx8fA%3D%3D,fitness; goals,footy_is_my_lyfe,2107
ben_reads,A rainy evening; a cup of tea; and a good book. Perfect.,https://images.unsplash.com/photo-1584909667128-12f4f4f0d71e?q=80&w=986&auto=format&fit=crop&ixlib=rb-4.0.3&ixid=M3wxMjA3fDB8MHxwaG90by1wYWdlfHx8fGVufDB8fHx8fA%3D%3D,books; cozy,mr_fluffles; art_amy,177
ronny,Post-match relaxation time. Thank you for all the support! ,https://images.unsplash.com/photo-1629468285236-c6c4c99830a7?q=80&w=987&auto=format&fit=crop&ixlib=rb-4.0.3&ixid=M3wxMjA3fDB8MHxwaG90by1wYWdlfHx8fGVufDB8fHx8fA%3D%3D,rest; football; relaxation; nature,footy_is_my_lyfe; fit_fiona,96559
selena_swift,TOUR TICKETS RELEASED. So excited to see you there.,https://images.unsplash.com/photo-1506157786151-b8491531f063?q=80&w=1170&auto=format&fit=crop&ixlib=rb-4.0.3&ixid=M3wxMjA3fDB8MHxwaG90by1wYWdlfHx8fGVufDB8fHx8fA%3D%3D,ilovemyfans; tour,art_amy; cakey_katie,160273
